jenis_pkj,jml_phsl,jml_art,pengeluaran,status_tmpt,hasil
-1.032676457,-0.920632184,1.663333493,1.416165549,-0.739235011,1
-0.060745674,0.086555163,-0.728876475,0.042914108,-0.739235011,0
-0.060745674,-0.668835347,-0.728876475,0.042914108,1.513671689,1
-0.060745674,-1.801921112,-1.326928966,-1.330337334,-0.739235011,1
-1.032676457,-0.920632184,1.065281001,-1.330337334,-0.739235011,1
-0.060745674,0.086555163,0.467228509,-1.330337334,1.513671689,1
-0.060745674,0.086555163,1.663333493,1.416165549,1.513671689,1
